,sent_text,sentiment,sentiment_pred_vader
1,The lobby was super busy and I found that a little disconcerting and impersonal.,-1.0,1.0
3,I'm glad I stayed here but not sure that I would again.,1.0,-1.0
5,This is a must stay even for most one night to use the infinity pool.,1.0,0.0
6,We had a view of the gardens by the bay and when it was lit up at night it was purely magical.,1.0,0.0
13,"I wanted to stay at the iconic Marina Bay Sands but was not sure that the price would offset the expiernce and through my travels, i have found these types of super high end resorts dont always have the personal touch.  ",0.0,1.0
19,From check in to room service to the concierge - all first class.,1.0,0.0
20,I found out that Michael Lee was VP of,,0.0
26,"We stayed 4 nights here for our honeymoon, we wanted to go with the cliche accommodation in Singapore for our first visit outside of Changi airport.  ",,0.0
32,Good luck also on getting a lounge to put your towel on whilst you,-1.0,1.0
33,It was my firstime to visit Singapore for a 3 days only.,,0.0
34,But I'd rather not to sleep and be on the streets walking around the beautiful city lights of #SG.Nextday still awake until i get my visa on the 3rd day.,,1.0
35,Singapore always has a clean environment that i could tell.,,1.0
36,From the local people to all there surrounding are such incredibly inseparable.,,0.0
37,Seeing Merlion and Marina Bay was a happy moment for me.,,1.0
38,I guess one day will be back again here.,,0.0
39,Sadly i just missed universal studio which is everyone's landmark.,,-1.0
40,Well theres always a time for everything.,,1.0
41,For all people wants to visit SG you will have fun.,,1.0
42,Not a big country but a very big heart and talented Singaporean local  people u met.,,1.0
46,All areas spotless & attention to detail is evident everywhere...,1.0,0.0
51,One day our room was not even cleaned.,-1.0,0.0
52,"When we informed the reception their comment was: maybe you had the ""do not disturb"" button on.",0.0,1.0
54,"The last evening we ordered 2 pizzas, one of them was burnt.",-1.0,0.0
64,"Bars, restaurants and the pool couldn‚Äôt fault it   ",1.0,-1.0
65,This place has it all!,1.0,0.0
68,"Shopping, light shows, great restaurants.",0.0,1.0
69,I loveit here!,1.0,0.0
70,We booked for Easter 2019 to stay 5 nights in a deluxe garden view room.,1.0,0.0
71,We wish we had only booked for 3 nights as that was more than enough.,,1.0
73,"  Needless to say, the hotel was very busy and with 2500 rooms and lots of day visitors, the lobby was always busy.",-1.0,1.0
77,"If you want a pool you can swim in or have available beds by the pool, stay somewhere else.",-1.0,1.0
79,I went to this hotel again after a few years and they have not kept their standard.,-1.0,0.0
81,The pool water was green.,-1.0,0.0
82,We checked out immediately and went to a different hotel.,-1.0,0.0
84,"quite crowded on the promenade, could be a better view from top floor.",0.0,1.0
86,Hotel charges tourists a whopping fee per person for a short visit to skydesk.,0.0,-1.0
89,instead a one day stay could be a better deal.,0.0,1.0
91,one has to walk a lot in Singapore. must plan for a weeks stay minimum to see few of the attractions and part of the city.,0.0,1.0
92,Thogh the MRT & busses networks excellent one must have  budget for taxis as well.,0.0,1.0
93,research well for food.,0.0,1.0
95,"We stayed 2 of the 6 nights at MBS to experience the benefits of staying at MBS, that is to swim in THAT pool, like everyone else!",0.0,1.0
97,"However the hotel itself is already dated (still have to pay for movies) plus it is a big hotel, so the expectation of good service comes with apprehension.",0.0,-1.0
98,The TV in our room would freeze occasionally but we could not be bothered getting any help as we felt it would take ages to get someone to come.,-1.0,1.0
108,The environment is very sober for the tourist.,1.0,0.0
111,As for the pool it wasn't as busy as i thought so we had no problems finding sun loungers and room for the selfies!!,1.0,-1.0
112,", they have bar staff coming round serving snacks and drinks ( yes expensive)  ",0.0,1.0
117,sllo how we gonna chatt & drink they will be outside while we are inside the pool.,-1.0,0.0
121,But when we are in our country a day after we left Singapore they emailed me that they will charged me a drink because it was not in their fridge.,0.0,-1.0
122,I told them i will not pay for it coz i asked them before i left Marina.,-1.0,1.0
124,We are staying in Thailand and decided to fly down to Thailand to celebrate my wife‚Äôs 40th Birthday so splashed out on the Marina Bay Sands.,0.0,1.0
127,Spending an afternoon in the infinity pool was something we‚Äôll remember for the rest of our lives.,1.0,0.0
132,It‚Äôs a must stay when visiting Singapore.,1.0,0.0
136,"The prices on the 'in-room' dining menu were equally awesome, breakfast for two was over $100.",0.0,1.0
137,"Dinner at the roof top restaurant was over $400, a G&T $22 each, a bottle of wine that you might pay $15-$18 in Australia will cost you over $AUD125.",0.0,1.0
138,"The shopping mall mentioned in previous reviews does have the most exclusive brand names in the world however, it is way to expensive to shop there.",-1.0,1.0
139,I did not see one customer in any of the 'top end' shops.,0.0,1.0
140,You will need ro get a taxi to and from this hotel on every occasion that yo.u wish to see any of the many sights of Singapore.,0.0,1.0
141,It is too remote to walk anywhere.,-1.0,0.0
142,Good luck if,0.0,1.0
149,They even got me an HDMI cord so i could connect my computer to the TV.,1.0,0.0
157,The breakfast served daily was a lavish buffet every morning.,1.0,0.0
159,The pool on the last floor is the icing on the cake .,1.0,0.0
160,The view is extraordinary.,1.0,0.0
161,The overall property is itself a luxurious stay .,1.0,0.0
165,Marina bay is a must visit property when in singapore,1.0,0.0
171,The Infinity pool is a must for everybody to experience.,1.0,0.0
183,My husband and 2 kids (7 and 3yrs old) stayed at the incredible Marina Bay Sands for 4 nights as a stop over before going to Maldives.,1.0,-1.0
184,This hotel is absolutely incredible and very unique.,1.0,0.0
186,There is a wide variety of restaurants and in room dinning options.,1.0,0.0
188,The hotel has everything you need plus more.,1.0,0.0
189,The service was always above and beyond from the moment you step out of the car to check in and check out.,1.0,0.0
192,We really didn't want to leave.,1.0,-1.0
213," Other fabulous hotels in Singapore, and the Sands is like  ",0.0,1.0
214,An amusement park.,0.0,1.0
215,So crowded with families with children and the pool is a ZOO.,-1.0,0.0
223,A must see of this iconic resort.,1.0,0.0
224,Real life meet the movie.,,0.0
225,High end all the way.,1.0,0.0
241,I would like a pillow menu next time ad the pillow was not to my taste !,-1.0,1.0
242,I have stayed at the Marina Bay twice before but this time was exceptional.,1.0,0.0
244,and we were there with a party of 9 people including family and friends of ages between 25 & 60.,0.0,1.0
253,As guests we had free access to the rooftop swimming and dining area.,0.0,1.0
258,Top tip - go club!,0.0,1.0
259,"This was the second of three hotels we stayed at for our holiday in Singapore, and we chose it mainly so we could access the rooftop pool.",0.0,1.0
262,"It is worth saying though, the hotel complex is absolutely huge and very busy, so may not be everyone's cup of tea.",0.0,1.0
264,"We checked our suitcase in, as we thought as it was 12pm, our room wouldn't be ready.",0.0,-1.0
272,"Can be chaotic, despite the best efforts of the very helpful staff.",0.0,-1.0
273,Ignore all this (you can't change it) and treat each tower as 1 hotel.,0.0,1.0
276,"2 extra large single beds, massive shower, immaculate house keeping, mini bar, iron, automatic curtains, large tv, air con,  even a phone in the loo!",1.0,0.0
279,"Ok, it's not cheap.",0.0,1.0
292,We will be back MBS!,1.0,0.0
296,"It has a large shopping center connected, with connection to the metro just next to everything.",1.0,0.0
297,no doubt yes.,0.0,-1.0
299,"Top tip, if you pay to go to the observation floor you have to buy tickets and there are no benefits on that floor apart from amazing view.",0.0,1.0
300,"If you buy tickets for the Sky Bar which is in the 57th floor they give you vouchers to the same value as your tickets which you can spend at the bar, so in reality the view costs you nothing.",0.0,1.0
301,Food and drink are available and the views are incredible.,1.0,0.0
302,I didn't stay at the hotel but walked through the Lobby as I needed to visit the Skypark.,0.0,1.0
303,"The hotel is very busy as there are various activities around like the skypark, Garden by the Bay, shoppe at Marina.",0.0,1.0
308,Its a must visit for everyone visitin‚Äô Singapore!!,1.0,0.0
310,You really get what you pay for at this hotel.,0.0,-1.0
316,"From a luxury hotel like this, it would really be nice if the breakfast was included or even maybe a special deal for hotel guests.",0.0,1.0
322,"Believe the hype, it is a spectacular hotel.",1.0,0.0
323,"There is a casino attached, the mall, and the public transport train is there too.",1.0,0.0
333,"The serve refreshments and ice cream while waiting, which wasn't very long.",1.0,0.0
338,Very lumpy like most pull out couches so don't expect anything better.,-1.0,1.0
339,Our biggest grip was the location of the room.,-1.0,0.0
341,It looks spectacular and it is.,1.0,0.0
343,"Looking over Singapore city, the harbour and it‚Äôs attractions .",0.0,1.0
347,"We considered staying at MBS , glad we didn‚Äôt, apart from being expensive, the queues at checkin/ checkout were enormous.",-1.0,1.0
350,In ‚Äì Check in was a little slow but the staff were coming around with drinks to keep everyone refreshed in the queue.,-1.0,0.0
351,We arrived early and the room we were told would not be ready for another hour.,0.0,-1.0
357,The water was cold and the pool was full of people,-1.0,0.0
361,The 30th is obviously better to see the lighting show and also access the pool on the 57th floor.,0.0,1.0
362,"The lift servicing the 19th floor terminates at 22, you then change lifts to reach the top, so we spent a great deal of time in and out of lifts!!",-1.0,1.0
363,"Rooms very large, also the bathrooms with double sinks and then toilet and shower each had their own doors,  There are no changing rooms by the pool, but towels are provided.",0.0,-1.0
367,The room was luxurious with a very comfy bed.,1.0,0.0
373,"The club lounge on the other hand was good, but not as good as other 5* hotel we have stayed in.",-1.0,1.0
376,The MBS is like entering a huge shopping mall with a hotel on the upper floors...,0.0,1.0
380,It's not like you're going to admire the skyline or garden for hours on end from your top floor suite...,0.0,1.0
385,but there's less choice of food.,-1.0,0.0
397,"If you're willing to pay extra money while in Singapore, then I do recommend this place.",0.0,1.0
400,Our flight leaving Singapore wasn‚Äôt until late at night and they were able to store our luggage with access to it whenever we needed and also offered us a room to shower so we weren‚Äôt sticky from being outside all day before catching our flight.,1.0,0.0
404,Con: the infinity pool is filled with kids splashing around everywhere making it,-1.0,0.0
408,"The room itself was very spacious with a king sized bed, TV/console divider, and then a double pull out couch for the kids.",1.0,0.0
411,Be sure to sign up for the Sands rewards card for,0.0,1.0
412,"Yes, maybe it hasn't the colonial atmosphere you would like in a hotel in Singapore.",0.0,1.0
413,"Yes, sometimes it looks like an aiport lounge.",0.0,1.0
415,We arrived at 8am and checkin was so fast.,1.0,0.0
416,Our room was not ready and we took a visit at Gardens by the Bay.,0.0,-1.0
417,"Lunch at Satay by the bay (very good!), back to hotel at 2pm and lift to infinity pool (WOW!!!).",1.0,0.0
419,I arranged a surprise Singapore trip for my husband‚Äôs birthday and as a once off been able to stay at MBS was icing on the cake.,0.0,1.0
420,Firstly through all my research I found booking directly through MBS website was the cheapest and easiest.,0.0,1.0
422,"We arrived back at 2:30pm to check in and the line was very short, I didn‚Äôt wait for more than 5 minutes.",1.0,0.0
424,"We were located on the 37th floor with views of Gardens by the Bay and it was breath taking, especially at night.",1.0,0.0
428,Drinks are expensive but not much more than you would pay in any 5 start hotel and whilst charged $56 to go to the top it is given back to you with drinks.,0.0,-1.0
432,We were not allowed into the pool area as we were not guests but saw lot's of people in gowns coming from the pool and they looked happy.,0.0,1.0
434,"In my personal opinion, the hotel is like a Mall, with a lot of people, the check in process is not very fluent, even though we were offered water and Ice creams while waiting, still slow.",-1.0,1.0
435,"If you want to swim in the famous pool, you must stay in the hotel, besides that, the hotel is more an tourist attraction than a place to rest and enjoy the city.",0.0,1.0
439,"However, due to it being so popular it does have a 'conveyer belt' feel to the stay.",-1.0,1.0
440,There are always masses of people checking in and out and pool itself gets very hectic.,-1.0,0.0
441,"The rooms are very nice and well kept, but nothing exceptional.  ",0.0,1.0
442,"It's definitely exciting to stay there and enjoy the facilities, but it's not a luxury hotel experience!",0.0,1.0
447,Worth the money,0.0,1.0
449,"Hotel is what one might expect- a gorgeous, overpriced wonder with everyone taking photos at the pool.",0.0,1.0
451,The room size was spacious.,1.0,0.0
452,"Overall, I don‚Äôt regret staying here but would consider a different hotel for my future Singaporean travels.",0.0,-1.0
453,"Once the novelty of the pool and architecture wears off, the value of staying here take a plunge for me.",0.0,1.0
464,My wife and I had a 3 night stop over in Singapore and set 1 night aside to stay here as it was something we had wanted to do for years.,0.0,-1.0
465,Our experience was extremely disappointing and left us wishing we had just stayed at the Pan Pacific where we spent the the 2 nights previous and was by far a better hotel.,-1.0,1.0
468,I‚Äôm guessing they reserve the best service for those arriving in Bentley‚Äôs or who are wearing Rolex‚Äôs.,-1.0,1.0
469,The room was very underwhelming and the hotel had the fell of a shopping mall.,-1.0,0.0
472,I‚Äôm sure my review would have been better if it wasn‚Äôt for the atrocious service,-1.0,1.0
473,Due to the size of the hotel be prepared to wait to be checked in.,-1.0,1.0
476,Otherwise the room looks pretty average.,0.0,1.0
477,"What was nice was the electric blinds theat open automatically as soon as you enter the room, 3 ply toilet tissue and the TWG tea bags but no bidet in the toilet.",1.0,-1.0
481,You can tell from the skypark this is no ordinary hotel.,1.0,-1.0
490,Our room was cleaned several times a day.,1.0,0.0
492,I left ex gratia for the housekeeping every time,1.0,0.0
496,"It's absolutely on the pricey side but with the kind of service we've experienced, I wouldn't mind coming back.",1.0,0.0
501,The hotel can be quite busy at time with long queues at checking or check out but we were spare those by check-in in the room.,1.0,0.0
506,"Even you can't afford to stay in this hotel, there are things you can do at low cost or no cost.",0.0,-1.0
509,This is a must stay for anyone who loves to travel.,0.0,1.0
510,From the moment you walk in you are treated with royalty.,1.0,0.0
511,I have no complaints at all about this place.,1.0,-1.0
514,Iryn was on your first day but done a spectacular job nevertheless.,1.0,0.0
517,"Check in is slow, the large foyer is currently under constructions will likely be more welcoming when completed.",-1.0,1.0
518,We had booked two rooms and we were split on to different floors (irritating),-1.0,0.0
519,Elevators are also slow and you need to swipe room key wait for board to flash and then press floor.,-1.0,0.0
520,We paid for the premium rooms and one certainly was - the other was not.,-1.0,1.0
522,Floor 29 had sweeping views of the gardens from the verandah.,-1.0,0.0
523,The toiletries are very high quality.,1.0,0.0
526,Singapore is so hot and humid I don‚Äôt want to leave the hotel.,0.0,1.0
533,Minus one star when we got off taxi nobody came to help us with our luggage.,-1.0,1.0
534,I told the front desk and couple guys were free standing around.,-1.0,1.0
535,When booking this hotel I had doubts that it would be worth as much per night as a Ritz Carlton and Mandarin Oriental (all are on the Marina Bay).,0.0,-1.0
539,"I was expecting them to say the room wasn't ready, but they were very accommodating and gave me a room right away.",1.0,-1.0
540,Upon entering the room I could see why this is a 5-star hotel.,1.0,0.0
542,"Second, the POOL is INCREDIBLE!",1.0,0.0
543,"I am not a huge sit by the pool and do nothing person, but here, I spent hours in the pool and sitting by it.",1.0,-1.0
544,Where else can you be 57 floors up swimming around looking over the city?!,1.0,0.0
546,The pool alone is worth spending,1.0,-1.0
555,Twin bed too small to sleep with kids.,-1.0,0.0
556,Should be queen size for that.,-1.0,0.0
557,Pool was crowded as expected.,-1.0,0.0
559,Spago cocktails and sushi quite good but not special enough for the prices.,1.0,-1.0
561,"If you haven't had a chance to stay in this hotel, then you should do.",0.0,-1.0
570,The pool itself is spectacular and a must see if you‚Äôre in Singapore.,1.0,0.0
572,Cocktails are delish and,1.0,0.0
578,From the moment we entered the foyer the service was second to none.,1.0,0.0
585,You become part of the other 5000 people staying there.,-1.0,0.0
587,"Once inside good luck finding where you are meant to check in, especially if you pay the extra for a club room.",-1.0,1.0
588,Once you get to your room be ready to be dissapointed.,-1.0,1.0
589,Club rooms with garden view are smaller than rooms on the other side of the hotel (cleverly you are shown the large room even if you book a garden room... naughty).,-1.0,0.0
590,The infinity pool is impossible to get to with every man and his selfie stick vying for space.,-1.0,0.0
591,Trying to find a spot for a drink in the evening which felt luxurious was impossible.,-1.0,0.0
592,What a hotel.,1.0,0.0
593,"The architecture, rooms, views and staff are incredible.",1.0,0.0
594,Didn't want to leave here.,1.0,-1.0
598,Best way I can describe MBS is if McDonald‚Äôs was a hotel it would be Marina Bay Sands.,0.0,1.0
599,It genuinely feels like a drive through.,0.0,1.0
601,Architecturally it‚Äôs a marvel of engineering but it lacks the most important bit... personality.,-1.0,1.0
605,Those pesky Russians and their desire to wear the hotel provided robe and slippers from their hotel room on level 4 all the way to the pool on level 57.,0.0,1.0
608,Too popular with tourists.,-1.0,1.0
612,Shops aligned are high class.,1.0,0.0
614,"We decided to stay here for one night during our recent visit to Singapore, it lived up to all our expectations and more.",1.0,0.0
616,The hotel offers so much to see and do.,1.0,0.0
625,Pool is good but far too busy.,-1.0,1.0
628,There are many better options in Singapore.,0.0,1.0
629,"You cannot miss it, with its three tall towers with boat strung across the three towers.",0.0,1.0
632,4 friends visited Ce la vi club lounge for drinks.,0.0,1.0
636,Stayed at the Marina Bay Sands on a 3 night trip for a friends birthday.,0.0,1.0
637,Checking in was no problem and our room was up graded.,1.0,-1.0
640,The pool does get very very busy but it is a must to visit and see Singapore from a high height.,1.0,0.0
645,Try happy hour!!!!!,0.0,1.0
649,You have to stay there to actually use the infinity pool but outside guests can go to the top to take pictures without being in the pool.,0.0,1.0
650,Though definitely luxurious,0.0,1.0
651,and we don't gamble and we thought it the location was just so-so.,-1.0,0.0
655,We moved to a boutique hotel in Chinatown afterward and liked that vibe a lot more.,-1.0,1.0
658,"But to be honest, that's it.",,1.0
661,The hotel is way too big and you have the feeling of being on a market rather than in a five star hotel.,-1.0,1.0
662,"There are much better places to stay in Singapore if you are looking for beautiful and luxurious rooms as well as personalized and polite service (e.g., Raffles, InterContinental, Fullerton).",0.0,1.0
663,We also visited the bar and the drinks were average (if at all).,-1.0,0.0
664,"Interestingly, however, the bar keeper did not engage with us nor was he friendly above average, but he gave everyone a card with his name asking to write a positive TripAdvisor review about him.",-1.0,1.0
667,big rooms with all amenities.,1.0,0.0
678,Staff are so attentive everything is thought of and when needed so prompt in their service.,1.0,0.0
680,I was lucky enough to spend nearly a week at the stunning Marina Bay Sands at a work conference.,0.0,1.0
686,There is a massive shopping centre below (some high street but mainly high end!) and lots of restaurant choices - my favourite was Lavo.,1.0,0.0
687,I would definitely splash out to spend another night in this gorgeous spot!!,0.0,1.0
689,Accessible from any part of Singapore by Taxi Rooms are not only bigger in size but have fabalous view.,1.0,0.0
694,However because of its size and modern design it is more like a hub than a luxury hotel.,0.0,1.0
695,"  Other than that, the restaurants and service is second to none.",1.0,0.0
702,"However, we found that if you did not arrive at Club 55 right on 5pm, you often could not get a seat and so missed out on the drinks/nibbles included in your room price.",0.0,-1.0
703,"Also, although the infinity pool offered great views it was soooooo crowded, and getting a seat was virtually impossible.",-1.0,1.0
716,Our room was oversized and had a 12'x12' balcony overlooking the Gardens by the Bay.,1.0,0.0
718,The hotel has a huge shopping and restaurant area and casino.,0.0,1.0
719,You can get lost here!,0.0,-1.0
720,The infinity pool on the 57th floor in the Skypark is something that you just have to see.,1.0,0.0
725,"The architecture is spectacular, views are spectacular, the pool is spectacular.",1.0,0.0
729,The pool area is very crowded.,-1.0,0.0
731,So we ticked this one off our list of places too visit and enjoyed the spectacularness of the place.,0.0,1.0
742,All were exellent.,1.0,0.0
744,"Room was clean,well firnished.",1.0,0.0
748,"Moreover, the queues for the registration to the hotel was very big (for those who take the lounge access they have another queue in another room which is great and fast).",-1.0,1.0
763,Just got to see the sound and light show from our room.,1.0,0.0
765,"Just spent three days at Marina Bay Sands, very big hotel with lots and lots of people, rooms are  quite spacious.",1.0,0.0
768,"Breakfast very expensive $100 for two people.we went over to the shopping centre and had dinner at The Nostra Cucina restaurant we had pizza and it was lovely, great service as well.",0.0,1.0
771,The hotel is central and within walking distance to most sights.,1.0,0.0
772,The restaurants are really good however they can be very expensive and close early therefore it is better to check on arrival times etc.,0.0,1.0
774,The pool area can be very full particularly in the evening and regardless of if you have a bed and personal belongings on them people will still try to sit on them while you are in the pool.,1.0,0.0
775,"The reception area is large with adjoining shops, walkway to the gardens, restaurants etc therefore it can get extremely busy",1.0,0.0
776,so you don't get the personnel feel that it's a hotel.,-1.0,0.0
784,Stopped in Singapore on my way to Koh samui and just had to come see what a the hype is about ...,0.0,-1.0
787,I would hope to one day check in as a guest !,0.0,1.0
790,Don‚Äôt forget to take a number when you arrive and enjoy the free water or coffee whilst you wait.,0.0,1.0
795,Booked the executive package and no waiting around for check in.,1.0,-1.0
797,No queues for elevators and yes the pool was busy in the afternoon so best avoided as lots of screaming children running around.,-1.0,1.0
798,"We went for a swim at 2100 and again at 0600 and it was bliss, much quieter than the day and no problems finding a poolside lounger.",1.0,-1.0
801,It is a jaw dropping hotel.,1.0,0.0
805,She checked us into the room booked and then said to give her a few minutes.,1.0,0.0
806,She managed to give us as city facing room on a really upper floor.,1.0,0.0
811,What a hotel  Go on treat yourself.,0.0,1.0
813,From the start you could tell this hotel is overpriced with quality lacking.,-1.0,0.0
815,The check in was slow and long.,-1.0,0.0
816,Felt like I was queuing for a Ryanair flight.,0.0,1.0
817,The room was starting to look run down as it clearly has not been touched up since the venue opened 9yrs ago.,-1.0,1.0
818,Definitely not 5* compared to other hotels in Singapore.,-1.0,1.0
821,It was extremely busy around sunset with no loungers free.,0.0,1.0
822,Loungers are cramped next to each other and the again the pool is not big enough too accomodate everyone wanting to take selfies etcs during peak periods.,-1.0,0.0
825,Making the stay more worth it!,0.0,1.0
828,World‚Äôs Best and pricey hotel.,0.0,1.0
832,"At the duration of the stay, we get legit luxurious treatment.",1.0,0.0
833,All  the staff are VERY accommodating.,1.0,0.0
834,"From baggage, check-in, room service, Club 55 service, pool, Spagoo, check out, operator.",1.0,0.0
835,Hats off to all the hardworking staff.,1.0,0.0
837,She got two birthday cakes.,1.0,0.0
838,"From Club 55 plus a birthday song, then another one delivered to our room.",1.0,0.0
840,Infinity pool is a sight to behold.,1.0,0.0
847,"We stayed on the 7th floor which you would think isn‚Äôt too high, it was definitely high enough to see the gardens of the bay every day from your window!",0.0,1.0
853,Our suite was incredible complete with pool table cloakroom and full bathroom.,1.0,0.0
861,The infinitely pool and the shopping area was my favourite .The,1.0,0.0
867,Anyway leaving a review here wouldn‚Äôt make a diff anyway as their management team will only copy paste a standard reply to everyone as this hotel is way too commercialised compared to when they first launched it.,-1.0,1.0
870,Service is certainly not 5 stars - hotel is so big seriously nobody knows you.,-1.0,1.0
878,Upon check in the attendant upgraded us to the 36th floor with garden view.,1.0,0.0
880,The pool area which only hotel guests are allowed in is beyond words.,1.0,0.0
887,We booked a garden bay view room and it absolutely lived up to its name!,1.0,0.0
890,The room itself was above average.,1.0,0.0
907,"They gave us not the bay view room we paid for, repeatedly they tried to tell us that garden view was bay view but could not respond to our question where the difference in price came to be.",-1.0,0.0
908,"We are currently waiting at the front desk and nobody wants to help, either they say nobody is there or available at the moment.",-1.0,1.0
920,As Low floor does not direct access to the pool.,0.0,-1.0
927,"The poolside, thread bare towels and way too crowded.",-1.0,0.0
930,Room was very spacious and quite luxurious.,1.0,0.0
931,Exceeded our very high expectations.,1.0,0.0
935,"However, be prepared for hordes of people (there are around 2500 rooms in three towers); and forget about actually swimming in the rooftop pool!",-1.0,0.0
936,"The restaurants in the hotel and the shopping complex are over-priced, so best to check out the many other choices in Singapore.",0.0,1.0
940,The infinity pool is without a doubt the best thing about this hotel and is worth a visit during the day and also at night.,1.0,-1.0
950,Our bags made it quickly to our room and checkin was a breeze.,1.0,0.0
967,You pay an entrance fee of about S$45 however you redeem this against your drinks (if you remember... unlike us who had to get more drinks to use the voucher!),0.0,-1.0
1018,"We didn't book breakfast, but there are so many top end shops...cafes...street food...bistros ...that there was no need!",1.0,-1.0
1020,"The star of the show is the rooftop Pool, spanning all 3 Towers on the 57th floor!",1.0,0.0
1029,"The infinity pool opens at 6am, and getting there as early as possible is well worth it.",0.0,1.0
1030,"You get the pool almost to yourself, and watching the dawn from the roof is an experience you won't get anywhere else.",1.0,0.0
1031,We first stayed at Marina Bay Sands not Long after it opened and to be honest although it was/is an amazing hotel the service let it down.,-1.0,1.0
1042,Never had a service like this before in other hotels.,0.0,-1.0
1043,"although this Hotel isn't rated the best in Singapore, it is for me.",1.0,-1.0
1046,The rooms are spacious and I selected a view of Gardens on the Bay.,1.0,0.0
1052,The infinity pool is a must see.,1.0,0.0
1055,And yet for me it was just slightly missing the atmosphere and service one usually expects in a 5 Star hotel.,0.0,-1.0
1057,Personally the sheer size means the service not quite up there with say a Shangri-La or Conrad.,-1.0,0.0
1061,"The hotel has an enormous shopping mall, a casino, a unique pool on the top roof over looking Singapore.",0.0,1.0
1065,Not acceptable way to treat hotel guests.,-1.0,1.0
1066,Hotel nice but huge and very impersonal,-1.0,1.0
1069,I have no problem with the room.,0.0,-1.0
1082,"Marina Sands Hotel is structurally impressive, however you are one of 1000s there.",0.0,1.0
1088,One of the worlds top hotels imo.,0.0,1.0
1092,"World famous hotel , unique design, next to garden by the Bay  ",1.0,0.0
1093,"Many high end designer boutique and restaurant , casino at the lower level  convenient , public train MRT is next to hotel .",1.0,-1.0
1099,I can't help feel that it would be better to stay at another hotel across the way and be able to look at this incredible building rather than stay in it!,0.0,1.0
1101,On arrival I was surprised at the check in queue and check in experience.,0.0,1.0
1102,"Felt like an airport terminal, no attempt is made to make you feel welcome or special.",-1.0,1.0
1103,"Then you traipse with your bags 100s of metres to your tower, get accosted by security guards making sure you‚Äôre a guest and not a tourist.",-1.0,1.0
1106,"Bathroom was not 5 star, the ceiling had peeling paint and was patched.",-1.0,0.0
1107,The rooftop pool area was packed and the pool was full of guests with selfie sticks.,-1.0,0.0
1110,This is the most prestigious hotel in Singapore.,1.0,0.0
1116,Pay a bit more and stay in the Premier rooms on the higher floors which gives you this million dollar view from your balcony.,1.0,-1.0
1122,"The room was nice, the pool was nice, the breakfast was nice but at any given time you felt like being at Mumbai or Shanghai main train station during rush hour.",0.0,1.0
1123,My recommendation go for dinner/drink on the roof top and save your money for a less crowded 5 star hotel,0.0,1.0
1127,phew as we might not have got into the room for another hour.,-1.0,0.0
1130,"As far as the room goes and, compared to other hotels that are not nearly quite so ‚Äúgrand‚Äù it was okay, not ‚Äúwow‚Äù or fabulous.",0.0,-1.0
1131,"The bath robes were pretty ordinary, as were the bath towels; then and small.",-1.0,1.0
1132,There was tea and coffee facilities and a mini bar that charged upon removal; had those,0.0,-1.0
1136,Breaksfast at RISE was from the food point of view ok - but several hundreds of guests without any athmosphere - a continual comming and going - a mass processing.,-1.0,1.0
1137,the hotel itself impressive from the architecture but at ground level busy like a Railway Station,-1.0,1.0
1157,The location cant be beat.,1.0,0.0
1161,Kind of disappointing when you see how beautiful the rest of the building is.,-1.0,1.0
1165,Rooms are large.,1.0,0.0
1167,Pool is certainly spectacular but overcrowed.,-1.0,1.0
1172,This hotel has all you ever dreamed off.,1.0,0.0
1178,"We stayed one night, make sure to check in on time to explore everything.",0.0,1.0
1182,The whole place is like a human zoo.,-1.0,1.0
1183,Too many people not enough staff and an American service attitude that does not work in Asia.,-1.0,0.0
1186,"You will also really enjoy Asian hospitality, not some gordy peice of Las Vegas dropped in the middle of Singapore.",-1.0,1.0
1215,The bathroom was modern and inviting....actually the first hotel tub,1.0,0.0
1219,"But lets be real, the rooftop pool is EVERYTHING!  ",1.0,0.0
1221,"Again, the service was on point.",1.0,0.0
1236,We got some drinks at the pool which was soooo crowded that we didn‚Äôt really enjoyed but was not hotel fault at all but they should have at least an adults only time because was full of kids and some of us we just want to relax.,-1.0,1.0
1242,"Like casino, mall, gardens by the bat, bay light show etc.",0.0,1.0
1249,The reason I keep on coming back is for the sake of the view and the infinity pool.,1.0,0.0
1250,Hotel is huge and massive which we don;t really feel personalized.,-1.0,1.0
1260,It‚Äôs very luxury.,1.0,0.0
1266,"We stayed for one night, but wished it could have been for longer.",1.0,0.0
1273,just as well we fitted in a trip to the gym at the hotel,0.0,1.0
1277,"Though it looks spotlessly clean, found a strand of hair and rubber band at the shower room which I believe it wasn‚Äôt thoroughly  clean.",-1.0,1.0
1314,I do have to say that i have stayed in better but given Singapore i think this is of a high standard for them.,0.0,1.0
1321,For example when we wanted to go to Gardens by the Bay we asked and we were told a long way round when in fact you can go through the hotel itself.,-1.0,0.0
1322,You can use your keycard to get discount at the shopping centre which isn't really made obvious.,-1.0,0.0
1326,The room we had was fabulous with a veiw to die for overlooking the bay .,1.0,-1.0
1332,Our room was on the 26th floor facing the beautiful gardens.,0.0,1.0
1333,The room was immaculate!,1.0,0.0
1335,The lifts: too slow!!,-1.0,0.0
1336,I agree with what sonebody else who wrote in their review that there should be guest only lifts.,0.0,1.0
1344,"Wedding anniversary, 11 years, for my husband and I. Enquired with concierge to see if we were appropriately dressed (in cargo shorts, tee shirt and loafers) to go up to the 57th floor for a glass of champagne and to admire the view.",0.0,1.0
1346,Lobby seemed crazy/manic.,-1.0,1.0
1350,Got crammed into a lift heading for floor 57.,-1.0,0.0
1354,"However, beyond that, I find it difficult to enthuse about it.",-1.0,1.0
1356,The dining facilities are frankly not able to cope with the sheer number of guests.,-1.0,1.0
1359,"Yet further, I am fed up with the lifts: every time I want to go up to my room, I have to compete with an army of tourists wanting to travel to the top.",-1.0,1.0
1363,"The Management should approve a strict code of behavior for clients, otherwise it is an amusement park , not a luxury Hotel.",0.0,1.0
1368,"Floor was silent, not any noises from the corridor or other rooms.",1.0,0.0
1381,"For a luxury hotel, I was surprised that the beds were so hard.",0.0,1.0
1382,"Also, the gym is very tiny for such a large hotel, so expect to wait for machines.",-1.0,0.0
1391,"Overall, there is nothing much that can beat a stay in this hotel.",1.0,0.0
1393,However this is a very large hotel with a huge number of guests and although the service is good do not expect five star service and if you want a decent room on a high floor it is worth paying for a club room.,0.0,1.0
1401,The spacious guest room commanded panoramic view of the sea.,1.0,0.0
1408,"For sashimi lovers, the large chunks of tuna and octopus will make the price seem less daunting.",0.0,1.0
1409,There are also stations dedicated to Indian and local Singaporean dishes.,0.0,1.0
1410,"Unlike other hotels, the dessert spread is substantial, with a chocolate fountain and a make-your-own soda counter.",0.0,1.0
1413,"But for a photophobic local like me, I asked for a shaded",0.0,1.0
1414,Ours was a 3 star hotel experience and make no mistake this is a MASSIVE hotel with more rooms than the Vatican.,0.0,-1.0
1418,Despite this overwhelming ratio of staff-guest it took a good 13 minutes for our clerk to check us in.,0.0,1.0
1420,"Now if checkout is 11 pm, and we have arrived at 6 pm , having made a booking a month prior, surely someone somewhere would've already allocated a room.",0.0,1.0
1423,"First of all, the lobby was really rowdy and likened ‚Äúmarket place‚Äù.",-1.0,1.0
1424,The room was more spacious than many 5-star hotels.,1.0,0.0
1425,However the basic amenities like toiletries were ‚Äúcheap‚Äù looking.,-1.0,1.0
1426,The way drinks in the fridge are secured gave occupants a feeling that they couldn‚Äôt be trusted.,-1.0,1.0
1427,The bed was really comfortable but the pillows were too soft.,-1.0,1.0
1428,Gym facility was well equipped and clean; the infinity pool was always busy and unpleasantly crowded.,-1.0,1.0
1429,Food in and around the hotel are definitely pricey; can‚Äôt say the quality or variety (esp those restaurants at Level 1) were great.,-1.0,1.0
1447,"The scale of the hotel is enormous, with a huge lobby (both in square footage and atrium volume).",0.0,1.0
1457,"However, our room was ok and fell a bit short for a 5 star hotel.",-1.0,1.0
1459,When we addressed to the staff even with a recording of it they dismissed as a nonissue.,-1.0,0.0
1463,As well as the Lavo restaurant is way too expensive for the quality of food,0.0,1.0
1465,"This is a spectacular hotel as the photos show , an architectural wonder!",1.0,0.0
1467,Be aware this is a huge Hotel There were always lots of people wandering around the foyer.,0.0,1.0
1468,It made the check in a little slow but not too bad.,0.0,1.0
1469,This was particularly an issue with the Club access on Friday and Saturday evenings access is from 5pm best not to be late or you face a longish wait.,0.0,1.0
1483,"Wonderful hotel, but no good costumer service, the rooms needs  modernize, clean,no customized services, no welcome, no nobody interested in helping you or at least show   you where is your room, you  pay really for access to the pool...",-1.0,1.0
1484,I've been to other hotels much better.,-1.0,1.0
1486,Nice food but way too expensive for the price you pay to have local food.,0.0,1.0
1488,Nothing is really cheap here except if you go Zara or the shops selling sporting goods like Adidas and World of Sports.,0.0,1.0
1489,Mostly meant to target the well to do locals and people who feel they are part of a upper social type.,0.0,1.0
1490,Be prepared to pay anything from $12 to $18 for a plate of Nasi Padang,0.0,1.0
1503,I would suggest this location for at least one night for the experience alone.,1.0,-1.0
1506,Room was very large and spectacular views across the lake and city.,1.0,0.0
1509,Worth a one night stay but price prohibits justifying staying here longer.,0.0,1.0
1515,We had rooms on the 39th floor with a harbour view which was just magnificant.,1.0,0.0
1519,The whole experience was well worth the expense.,0.0,1.0
1523,Be sure to check for current promotions.,0.0,1.0
1524,Our boarding passes from Singapore Airlines saved us a bunch!,0.0,1.0
1530,Missing to have your 5 star service!!,0.0,-1.0
1531,The room was spacious,1.0,0.0
1533,Stayed for 2 nights in the hotel and while it's an architectural marvel the level of service is more along the line of midscale hotels.,0.0,1.0
1535,Be prepared to que and be prepared to serve yourself.,0.0,1.0
1542,"This was a work trip so it didn‚Äôt matter, but I‚Äôd recommend upgrading if you are staying on holiday.",0.0,1.0
1547,The Lobby of the hotel had two different places to check in and out since it has two doors.,0.0,1.0
1552,"The room we got was upgraded to a presidential suite offering 180 degrees view of the city, water front and garden.  ",1.0,0.0
1554,The light show was witnessed from the comfort of our own suite.,0.0,1.0
1560,Very luxurious experience,1.0,0.0
1565,For sure we were not deceived with the view but the pool water was very cold to swim in.,-1.0,1.0
1576,I can not recommend this hotel and Club 55 highly enough.,1.0,-1.0
1580,"From the movement you arrive, the service is second to none, the hotel is thriving with activity and offers options to suit all tastes.",1.0,0.0
1584,"The facilities at the hotel are world class, we took a trip to the casino which was seemless to enter and was a hive of activity inside.  ",1.0,0.0
1602,"No idea what we did as a family to deserve this, but we may never experience this level of luxury again.  ",1.0,-1.0
1615,I wasn‚Äôt disappointed.,0.0,-1.0
1619,We splurged on a suite and it exceeded my expectations.,1.0,0.0
1624,"The suite was enormous, with an equally large bathroom.",1.0,0.0
1636,The balcony view it was my favourite area in the hotel.,1.0,0.0
1643,Negative - 1),0.0,-1.0
1644,"Shower facilities in room are bit basic considering how pricey the rooms are, 2) can be crowded at times especially during the peak holiday season which may dampen the roof top infinity pool experience.",-1.0,1.0
1645,Best time to access are 6-8am or after 8pm,0.0,1.0
1649,"Of course, everyone is blown away by the pool - especially right after a 17hour flight from San Francisco!",1.0,0.0
1650,"However, the excitement starts to fizzle pretty quickly from there.",0.0,1.0
1653,"  I would recommend that people go for the experience, leave after the first few days.",0.0,1.0
1654,Would not recommend a lengthy stay.,0.0,-1.0
1659,You can get discounts there and who knows you‚Äôll be lucky enough to get the cheapest room yet.,0.0,1.0
1663,By bus: also good,0.0,1.0
1664,But its better to get there through MRT(from my own experience),0.0,1.0
1669,Room is üëåüèª Amaaazing,1.0,0.0
1673,The infinity pool is something that has got to be done the views are amazing!!!!,1.0,0.0
1683,"You are merely given discounts in their ridiculously priced restaurants and casino dollars, all 30 of them!",0.0,-1.0
1684,3 nights was way too long and for that money you can stay at better hotels.,0.0,1.0
1710,Food court was amazing!.,1.0,0.0
1711,Check-in staff very professional and accommodating.,1.0,0.0
1716,"Almost forgot, the view while you're on the pool on 57th floor is nothing short of spectacular, especially at night.",1.0,0.0
1735,Definitely worth the extra cost to stay at such an iconic location.,0.0,1.0
1736,The only negative I could see is that,0.0,-1.0
1740,the hotel for sure is expensive but its definately worth it.,0.0,1.0
1742,What can be better: - I missed the old bathroom amenities.,0.0,1.0
1754,The Concierge Desk is not able to get reservations at in-hotel restaurants for hotel guests.,-1.0,0.0
1755,Waiting for Taxis is too long.,-1.0,0.0
1756,The crowd at the Lobby is too large for a Luxury Hotel.,-1.0,1.0
1757,I stayed at this hotel for 1 night with my boyfriend on our stop over to Australia from the UK.,0.0,-1.0
1759,Yes the hotel is not the cheapest to stay at,0.0,1.0
1760,but I promise its worth every penny spent and is good value for money.,0.0,1.0
1761,You really do get what you pay for with this hotel <3,0.0,1.0
1764,Each tower has its own check in desk and you don't want to queue in the wrong one,0.0,-1.0
1768,"It‚Äôs clearly the most iconic hotel in Singapore but after staying there for two nights in a Club Room, it‚Äôs way overrated and overpriced - and thus the rating here at 2 stars.",0.0,1.0
1769,It was a nice room - but nice in terms of a mid range hotel brand nice.,0.0,1.0
1770,It‚Äôs also just a massive complex that there is no sense of personalisation and you are truly just a number at this hotel.,-1.0,1.0
1771,"There is also very little public areas to congregate, sit or wait in the lobby.",-1.0,1.0
1773,The pool was nice but again was underwhelming and rather crowded.,-1.0,1.0
1774,I‚Äôd recommend a stay some place else and swing by for a drink on the rooftop at one of their bars.,0.0,1.0
1778,"At breakfast, too, we had to wait in the queue for 20-30 minutes when the omelet was fried,",-1.0,0.0
1779,The reason I gave this title was because these big flash iconic hotels leave me cold.,0.0,-1.0
1785,"We didn't eat at the hotel because value for money it is not, it's more of an experience",0.0,1.0
1789,Massive hotel so you can't expect quiet.,-1.0,0.0
1791,but I easily prefered Ritz Carlton opposite.,0.0,1.0
1797,"Yes it is expensive, but it is worth the money for a one time experience :-)",0.0,1.0
1801,"One of the most iconic hotels in the world, boasting of the worlds largest infinity pool.",1.0,0.0
1802,The hotel consists of innumerable restaurants but however are pretty full so a reservation might be required.,0.0,1.0
1806,We visited the Sky Park/infinity pool and it was incredible.,1.0,0.0
1807,We went for a swim and enjoyed cocktails poolside.,0.0,1.0
1818,"this is now a place only for the rich and the staff made it clear ,very rude and not a pleasant experience .For",-1.0,1.0
1819,a lovely hotel lots of people walking around in dressing gowns (very strange) .last time for us ...,0.0,1.0
1820,Feedback following a recent two night stay in a twin room in a low room on Tower 1.,0.0,-1.0
1822,"However due to the large size of the hotel (which feels more like a conference center) and it‚Äôs design, our room was overlooking the reception counter / lobby area at the very front of the building and didn‚Äôt feel very private.",0.0,1.0
1832,We decided to visit the top of the Marina Bay Sands Hotel from the Hop on Hop off bus.,0.0,1.0
1835,Will never forget.,0.0,1.0
1836,"The hotel is conveniently located near most of the major tourist attractions, so you don't have to travel far if you are only in the city for a couple days.",0.0,1.0
1839,"It would be nice if there were some umbrella to cover some of the chairs, because being up there without any protection from the sun is a little overwhelming.",-1.0,1.0
1844,"Beyond the actual room itself, I don't think there's anything special about the hotel.",0.0,1.0
1847,Definitely very helpful.,0.0,1.0
1848,"It's convenient, plenty of public transport option -",1.0,0.0
1850,Cons (unfortunately it's a long list)  - Check-in was very slow.,-1.0,0.0
1854,Thought we‚Äôd treat ourselves as we had heard the hype about this place.,0.0,1.0
1855,This place was an absolute nightmare.,-1.0,0.0
1857,Arrived to find essentials 2 tiny double beds for 4 people.,-1.0,0.0
1858,"My husband spoke to reception about the fact that it was not suitable for 4 people, even though the website recommended it for 4 people.",0.0,1.0
1859,They eventually agreed to bring up a fold out bed.,0.0,1.0
1861,The famous pool up top was absolutely freezing!,-1.0,1.0
1862,I didn‚Äôt swim in it once!,-1.0,0.0
1863,One is the spas was closed too.,-1.0,0.0
1865,It was so gross.,0.0,-1.0
1866,There was nothing to do here for families.,-1.0,0.0
1868,"it was just your run of the mill standard, nice motel room.",0.0,1.0
1871,Honestly it is amazing.,0.0,1.0
1873,"but they told us our room was ready at 2pm which was great!), again that night quite late (it shuts at 11pm), and then in the morning around 7am (it opens at 6am but is still dark then).",0.0,1.0
1874,The best time was the early morning.,0.0,1.0
1875,Less crowded and an all round nicer experience.,0.0,1.0
1876,"Don‚Äôt get me wrong, STILL quite crowded but nothing on the afternoon and evening.",0.0,-1.0
1877,There are photographers in the pool too who will clear a shot for you which is,0.0,1.0
1883,Free Teatime 2 to 4 pm is ok.,0.0,1.0
1884,Breakfast is ok.,0.0,1.0
1886,"Worth at least 1 visit for us locals but very crowded, should do weekdays instead of weekends.",0.0,1.0
1887,Obviously doing very well.,0.0,1.0
1890,"For once in a lifetime, totally worth it.",0.0,1.0
1892,"The infinity pool gets quite busy, if you go first thing at 6am definitely less so.",0.0,1.0
1894,"Expensive and busy, but this place is worth the hype.",0.0,1.0
1895,"Well, I saw pics..thought, yeah right.",0.0,1.0
1898,and I don‚Äôt like cities or people!,0.0,1.0
1906,"Good location, big resort style hotel.",0.0,1.0
1907,Check in was extremely slow and cumbersome.,-1.0,0.0
1908,It is a very busy place and a tourist attraction in itself.,0.0,1.0
1909,This doesn‚Äôt always help the ambience.,-1.0,1.0
1918,It is difficult for these type of hotels to be truly a ‚Äúluxury‚Äù experience when they are so big and busy.,-1.0,1.0
1923,You get a big balcony overlooking the gardens by the bay which lit up at night.,1.0,0.0
1926,Staying in MBS gives loads of perks access to the mall and dining.,1.0,0.0
1932,"However, the hotel rooms are small and very expensive.",-1.0,0.0
1933,People go there definitely just want to snap photos at the infinity pool.,0.0,1.0
1934,"However, its not worth it.",0.0,-1.0
1935,You can find a better priced hotels near orchard road with decent stay.,0.0,1.0
1937,The pool on the rooftop is second to none.,1.0,0.0
1939,However this is not an inexpensive hotel and given the rates one must pay and expect significantly better rooms.,0.0,1.0
1940,Wallpaper is coming off in the bathroom there are stains on the wall and I got to bed only to find my comforter full of stains.,-1.0,1.0
1950,The hotel is very large and I had recently had knee surgery so it was hard to get around.,0.0,-1.0
1967,"The lobby is immense I felt somwhow lost in it, The check in went well, but I always had the feeling waiting for ages for the elevators.",0.0,1.0
1968,My mum mentioned it is like a big train station and she was right.,0.0,1.0
1969,"The service was efficient but faceless,",0.0,1.0
1972,The pool has amazing views but it was crowded as well in the afternoon we could hardly find free sunbeds.,0.0,1.0
1973,"The waters is cold, and if you go to the jacuzzi it is way too hot and I am convinced they do it on pourpse!!",-1.0,1.0
1975,"To go up to the top we took advantage of the Ce La Vi bar, were it costs 22SGD to enter the bar.",0.0,1.0
1978,No brainer really to go to the bar and get your drink that‚Äôs included in your ticket price.,0.0,-1.0
1983,Paid $25 for a cocktail that came half full.,-1.0,0.0
1985,The whole experience was unenjoyable.,-1.0,0.0
1988,You are just another number being shipped in and out of this vast cavern.,0.0,1.0
1994,Wouldn‚Äôt return if someone paid me.,-1.0,0.0
1996,the pool us out of this world!,1.0,0.0
1999,definitely worth it.,0.0,1.0
2005,We arrived from the airport and had to join a long queue for check in.,-1.0,1.0
2006,To fair the queue went down quite quickly but not really what you expect for that money.,-1.0,1.0
2008,We were early for check in but the check in clerk advised us 'we looked tired' so we could have our room early....,0.0,-1.0
2010,Room was lovely but nothing special but great views and really good a night when everything start to get lit up.,1.0,-1.0
2012,We had a dip in it but to be honest the pool was quite cold.,-1.0,1.0
2016,"Unfortunately, it was Chinese New Year when we were there, so the 57th floor rooftop swimming pool was almost standing room only; but now been there, done that, got the photo.",0.0,-1.0
2023,We arrived at 1.30pm and was hoping that we can check-in earlier.,0.0,1.0
2026,So we had to go to the Tower 3 and it was more than an hour wait till we get to the check-in counter.,-1.0,0.0
2030,Was expecting better treatment as the payment charged is not a joke at all.,-1.0,1.0
2032,The infinity pool is jaw dropping.,1.0,0.0
2034,I am vegan and found it a little difficult in the hotel but a short walk round the corner found a Gordon Ramsay with a full vegan menu option.,1.0,-1.0
2037,"The room we had was garden view and man, what a garden.",1.0,0.0
2038,The botanical gardens are right outside and at night looked magical.,1.0,0.0
2050,"However, it was very crowded and more like a Vegas experience.",0.0,1.0
2051,"Which is not bad, just not the place to go for a relaxing quiet stay.",0.0,1.0
2053,Long lines for most things like breakfast and the roof top pool area.,0.0,1.0
2054,Overall worth a visit once I think.,0.0,1.0
2056,I will certainly will be back and this time I will make sure I will have a chance to swim in their infinity pools,0.0,1.0
2061,"Stayed in a standard  double room, which I was suprised the rooms are very big.",1.0,0.0
2064,View to marina bay was unreal!,1.0,0.0
2065,"Gym facilities are below average considering this is meant to be a five star hotel, they need more weights equipment.",-1.0,0.0
2067,Don‚Äôt bother swimming because everyone is here for a selfie.,0.0,-1.0
2071,They need better training of the front desk with customer service skills.,-1.0,1.0
2077,You want to stay there.,0.0,1.0
2083,"The Marina Bay is more like a Las Vegas type ""five-star"" property.",0.0,1.0
2086,"But on your second trip, book a more comfortable hotel at half the price elsewhere......assuming you were able to take that infinity pool pic the first time.",0.0,1.0
2088,"If it's your first time in Singapore, there is no point in staying anywhere else because if you do you will always stare up in envy at this iconic hotel and wonder what it's like to chill out in that ridiculous infinity pool on top--which you can ONLY do if you stay at this hotel.",1.0,-1.0
2091,It was more spectacular than I imagined.,1.0,0.0
2092,When we went the weather was iffy the whole time and we had more than our share of rain/thunderstorms.,-1.0,1.0
2093,I was stressing that we wouldn't be able to swim but during our whole 4 day stay they only closed it once for 30 minutes due to lightning.,0.0,-1.0
2094,"Yes, this place",0.0,1.0
2097,The inside of the lobby was massive with several eating areas.,0.0,1.0
2101,"So, I plunked down over $500 USD for a Harbor view room on the 2nd to the top floor in the hotel.",0.0,1.0
2102,Lower floor rooms on the Gardens By the Bay side are cheaper.,0.0,-1.0
2103,"Still, everyone goes for the iconic rooftop infinity pool (the highest in the world) and any stay grants you access.",0.0,1.0
2104,"And of course you must visit the pool, but be prepared to act like a shark circling it's prey in order to get a coveted lounge chair.",0.0,1.0
2105,We were outmaneuvered a couple of times but finally got our chairs!,0.0,1.0
2113,Do not miss this !,0.0,1.0
2118,The infinity pool and the service from the staff were also second to none!,1.0,0.0
2119,Don‚Äôt have a bad word to say about Marina Bay Sands and can‚Äôt wait to come back!!,1.0,-1.0
2123,There wasn't really any where to so I was glad to have had our pushchair.,0.0,1.0
2124,"The lobby is vast and full of people, far too busy you didn't know who were tourists and who were residents.",0.0,1.0
2127,The main reason we booked to stay here one night was the pool to be brutally honest.,1.0,-1.0
2136,"On the day of the birthday, she has decided no go swim very early morning which quest stressful to me because I have plan for In-Room Dining for her as big surprised.",1.0,-1.0
2144,The price of this hotel was well above what it should be.,0.0,1.0
2145,The lobby at check in is just a massive scrum of people.,0.0,1.0
2147,Check in took almost 30 mins.,-1.0,0.0
2149,I just feel the hotel needs a makeover to bring it into the 2019 era and to match the asking price.,-1.0,0.0
2150,"But, I guess for most people it‚Äôs a chance to ‚Äòcheck‚Äô themselves in on social media and keep up with the jones‚Äô.",0.0,1.0
2155,We stayed at the Marina Bay Sands for 1 night before our cruise during the Christmas holiday.,0.0,1.0
2163,It's worth it.,0.0,1.0
2172,So much to do you can get lost in the hotel!,0.0,-1.0
2174,Check in on line and save the line!,0.0,1.0
2180,"The hotel is okay, construction and architecture is not really high quality, its more for attract tourist people.",0.0,1.0
2182,"This is a 5-star hotel, but we found the property just couldn't handle crowds.",-1.0,0.0
2184,"Or, wait times in general and massive cattle herding.",-1.0,0.0
2186,"The room was fantastic, however we found little annoyances - the TV remote did not work, the window shade motor bugged out every time we activated the room power, and the mandarins they gave us has big mold spots.",-1.0,1.0
2187,"So, not perfect.  ",0.0,-1.0
2189,Shout out to Gina!,1.0,0.0
2190,We came here for one night and I must say it was a great disappointment for the amount of money we spent.,-1.0,1.0
2193,1.The lobby is like a market place - noisy and crowded.,-1.0,1.0
2194,There is nowhere to sit and relax eg while waiting for someone.,-1.0,1.0
2195,2.The check in and check out is atrocious- service is absolutely slow and understaffed.,-1.0,0.0
2196,For a hotel of this reputation and standard I do not expect to be standing in line to check in for over 20 minutes.,-1.0,0.0
2199,We have stayed in much better hotels in Singapore for a lot less than half that!,0.0,1.0
2201,Had a wonderful stopover at the Marina Bay.,0.0,1.0
2207,Singapore in general was a bit of a surprise.,0.0,1.0
2212,I‚Äôve been to MBS several times already but only doing the review now maybe because I get used to the hotel already but our last stay this Feb was a superb staycation.,0.0,1.0
2215,"The hotel as usual is crowded at the lobby, specially the check in and out counter hope they can do something about this.",-1.0,1.0
2218,Will definitely visit MBS when I will be in SG again.,0.0,1.0
2225,"Our only disappointment was dinner at Lavo, an Italian/American themed restaurant, the service was so quick our meal was served immediately we had ordered which suggested that it was very much prepared, certainly not by a chef and it was very expensive.",-1.0,1.0
2228,"Besides that, not everything in marina bay sands is neither expensive, however there is also certain shops that sells affordable items that fullfill your own personal needs!",0.0,1.0
2229,"So don‚Äôt forget to visit MBS, Singapore!",0.0,-1.0
2244,Foodhall dussapointing though .,-1.0,0.0
2245,If you want to stay in an architectural icon roughly on par with .....,0.0,1.0
2249,Its bustling night and day and  if tranquility is what you're after this might not be the place for you.,0.0,1.0
2252,"This alone, made it worth it after a 15 or 16 hour flight. .",0.0,-1.0
2254,"We also had exclusive access to a Club room which we utilized a few times, but not every day.",0.0,1.0
2256,More like a business class hotel.,0.0,1.0
2258,"Big, dual sinks, enormous walk-in shower and",1.0,0.0
2266,Hard to want to go anywhere else!,0.0,-1.0
2267,Food prices are high as well as wine.,0.0,1.0
2274,Architecture buildings here are one of the best in Asia.,0.0,1.0
2275,High end fashion brands easily found here.,0.0,1.0
2280,We decided to stay in that hotel because of infinity pool.,1.0,0.0
2283,For sure it is not a place for holiday.,-1.0,1.0
2289,Firstly the checkin was overcrowded and took 20 to get to the front of the line.,-1.0,0.0
2292,The hotel seemed overcrowded with people.,-1.0,0.0
2297,Personnel is costumer oriented.,1.0,0.0
2304,They are just way too busy to be of help.,-1.0,1.0
2312,Room are nice but small for the $.,0.0,1.0
2313,"Yes the pool is great and the view 5 star, its the screaming kids and parents that spoil the show.",-1.0,1.0
2315,"So if we had to do over, spend a couple of hundred less on different 5 star hotel, or if your determined to spend the $650 per night, you can rent a whole sweet at say the inter continental hotel and get the service that should come with that price point.",0.0,1.0
2321,The real plus was of course the rooftop pool!,1.0,0.0
2323,The staff is very attentive and discreet.,1.0,0.0
2326,Unfortunately visited here as a multiple sight seeing tour.,0.0,-1.0
2327,It would have been lovely to spend some time up there,0.0,1.0
2329," Fabulous views, recommend you allow plenty of time and do this venue independently.",0.0,1.0
2331,"I felt like this hotel was a must do, although mega pricey!",0.0,1.0
2332,"We arrived around 10am and started to queue for check-in, it was very busy and quite slow like many of the reviews on here have said.",-1.0,1.0
2333,The staff definitely seemed aware of this though,0.0,1.0
2334,and we were taken through to the VIP check-in to speed things along.,0.0,1.0
2335,As check in isn't until 3pm we were told our room wasn't ready but we were given temporary key cards to be able to access the pool area and we told we would be emailed when our room was ready.,0.0,-1.0
2336,This was fine for us as our plan was to get out ASAP to see the city.,0.0,1.0
2337,There is a hop on hop off bus stop right outside the hotel which was ideal for us as we wanted to see as much as possible and,0.0,1.0
2342,I recommend booking in advance to have breakfast on the top floor.,0.0,1.0
2358,"Such a pity because I enjoyed the hotel rooms and all the surrounding amenities, but the treatment we received from the pool and security staff put a huge stain on our whole experience at the Marina Bay Sands.",-1.0,1.0
2359,"IMO, if a person pays extra $$ to get 2x nicer rooms for 5 star luxury (as promised), then maybe the hotel should invest in training their staff to provide 5 star customer service or at least teach them reasonable dispute resolution skills.",0.0,1.0
2360,"Upon check-in (with a family of 5 AND 2 elderly grand parents) we were advised that our 2x booked rooms could not be adjoined and that only one room was available to us, forcing a 2 hr wait for the 2nd room to open up.",0.0,1.0
2361,"That was not a problem for us as we understood how busy MBS was at the time, so we happily accepted their offer of",0.0,1.0
2368,Nice touch folks.,0.0,1.0
2369,We booked into a Garden View King on L30 and our room was marvellous.,1.0,0.0
2370,"Sleek, contemporary and spotless.",1.0,0.0
2372,If you like a city view then go right ahead.,0.0,1.0
2374,Yes but you do get your money's worth.,0.0,1.0
2375,A dip in the Infinity pool is a must,1.0,0.0
2381,"The main criticism is the menu in the pool area needs a lot of improvement, and while you expect a place like this to be overpriced, the prices really were over the top for what you get, and the service was below average.",-1.0,1.0
2385,Amenities were just beyond your reach!,0.0,1.0
2390,"Stayed at the inconic Marina Bay Sands during a short stop over in Singapore, in an executive room with a view of the harbour.",0.0,-1.0
2412,We arrived at 9 AM and our requested room type (Grand Club) was not ready but we were given a pass to use the pool area and were told that we would get an email when the room was ready.,0.0,-1.0
2413,No problem because we were heading off to meet up with friends to explore the city so we checked our luggage.,0.0,-1.0
2414,"When we were arrived back, we were told that we had been upgraded to a 52nd floor Orchid Suite with a garden view.",1.0,0.0
2416,There were multiple universal plug outlets and USB ports for charging.,1.0,0.0
2421,You can walk everywhere from here as well !!!,0.0,1.0
2422,Of course Singapore are very safe and clean country!!,0.0,1.0
2423,It was a small dream or a big wish to stay in MBS..,0.0,1.0
2426,"Well, this beautiful hotel was all that I wanted on this trip....",0.0,1.0
2427,"Coming to the hotel, the check in was smooth & quick...",1.0,0.0
2429,The staff helped me to the room...,1.0,0.0
2430,"To my surprise, I was given a written apology for a delay of may be 4-5 mins in sending my luggage.",1.0,0.0
2431,The room was lavish & the view was spectacular.,1.0,0.0
2433,Well connected & the elevator to the infinity pool is in the same tower.,0.0,1.0
2444,but they were so small they‚Äôre not worth a mention.,0.0,-1.0
2447,We ate there a few times and the food was exceptional.,1.0,0.0
2448,"The pool is busy but is something you MUST do, even if it‚Äôs just to take a photo.",1.0,0.0
2458,Views were amazing.,0.0,1.0
2465,"You have free excess to the observation deck on top of the hotel, otherwise you have to pay more than 20 dollars to get there.",0.0,1.0
2467,"It is kind of pricey, but well worth it.",0.0,1.0
2472,Checkin was smooth.,1.0,0.0
2482,Large bathtub and shower.,1.0,0.0
2483,The staff makes this 5 stars experience.,1.0,0.0
2486,"The location is very good, you can do everything by foot or by bike.",0.0,1.0
2498,It is like a scene from Avatar.,0.0,1.0
2499,"The hotel lobby is crowded and everything is so huge, it's not a hotel you want to stay for more than a few days I guess.",0.0,1.0
2500,"But for a couple of days it's great, especially the Skypark with the rooftop swimmingpool, the restaurants and bars.",0.0,1.0
2502,After travelling for a month and staying in hostels I decided to treat myself to two nights at the Marina Bay.,0.0,1.0
2506,"  I ordered room service on the first night, which was very tasty!",1.0,0.0
2515,"However, although the view at the top was great, i am never satisfied with my infinity pool experience.",-1.0,1.0
2518,üò± You can't really relax anymore.,0.0,-1.0
2519,It is too crowded for me.,-1.0,0.0
2524,From the 40 floor we had an incredible view of the Garden by the Bay especially in the night when everything is lighted.,1.0,0.0
2527,A very big breakfast variety at Rise Restaurant.,1.0,0.0
2534,Infinity pool is moderately crowded (it's not a canned sardine experience like some people say it is),-1.0,1.0
2540,We spent all day by the pool (1pm - 8pm) and even had dinner there - the views are incredible.,1.0,0.0
2556,Clearly the building is a Singapore landmark.,0.0,1.0
2561,Furthermore the building is so big that it lacks a personal touch.,-1.0,0.0
2562,Cool experience though I will not come back,-1.0,1.0
2569,Afternoon tea was provided from 2-4 and complimentary drinks(including alcoholic beverages) and canopies from 5-7pm.,0.0,1.0
2576,Glad however it was on expenses as the on site bars and restaurants are eye watering expensive - at least when paying in GBP.,0.0,1.0
2579,However it√¢‚Ç¨‚Ñ¢s a matter of personal choice and it was certainly an experience staying here.,0.0,1.0
2590,A couple of negatives: Service did not meet expectations of a 5-star premium hotel such as a 10% service charge on all food and drinks.,-1.0,0.0
2597,"Our view over the bay, track and gardens was unreal ...",1.0,0.0
2631,"The rooftop infinity pool is spectacular with many lounge chairs, although few by the pool",1.0,0.0
2644,We asked in the Hotel at the Concierge desk for a Electronic scooter and they did not make an effort to help us or to find a help for our friend.,-1.0,1.0
2652,Check-in was fluid as we arrived earlier.,1.0,0.0
2667,It's too expensive but the rooms are dated.,-1.0,0.0
2668,Housekeeping/room service boys just barge in your room without knocking and they did not even say sorry.,-1.0,1.0
2680,"Apart from that, if you can, stay one night at one of the highest floors, you won√¢‚Ç¨‚Ñ¢t forget it.",1.0,-1.0
2704,"The rooms are fine, although nothing special.",0.0,-1.0
2718,Take a lift to the top and have panoramic views of Singapore from very high up.,0.0,1.0
2719,Bar/restaurant at the top.,0.0,1.0
2724,To get to the gym or pool we had to go down across the lobby and then back up a different elevator..not great design.,-1.0,1.0
2743,"Upon arrival, check-in was quick and effortless.",1.0,0.0
2772,Happy to report that there was no smoke smell in the lobby which is often a problem with hotels attached to casinos.,1.0,-1.0
2773,"I never went in the casino, so I am not sure they even permit smoking in the casino.",0.0,-1.0
2777,Excellent facilities and amenities but soulless in service and atmosphere.,-1.0,1.0
2791,"The hotel itself is fairly standard, nothing particularly outstanding besides the rooftop infinity pool.",0.0,-1.0
2792,"From the outset, there were mixed feelings about the whole experience, the bell boys on arrival are so rushed and over worked that we had to drag our bags to to check in after 16 hours of flying and arriving into 35 degree soaring heat, the check in experience itself is hectic and feels like you are at an airport and results in reaching the counter and the usual form filling (I don't know why in this day and age we still do this, why can this not be done in advance - especially at a 'top hotel').",-1.0,1.0
2813,If you√¢‚Ç¨‚Ñ¢d like to share a pool with a billion other selfie taking people this is your spot.,0.0,1.0
2818,Check in is like checking into a budget airline.,-1.0,1.0
2819,Rooms are hugely outdated and the general feel of the place is pretty chaotic and underwhelming for the enormous price tag.,-1.0,0.0
2820,We stayed at a night at Marina Bay Hotel to gain access to infinity pool because otherwise you can't reach.,0.0,1.0
2828,"After much discussion, lasting half an hour, we were eventually allocated an upgraded room with a view of the park and harbour.",1.0,0.0
2833,We had been here to enjoy Sky bar on rooftop.,0.0,1.0
2841,Walking distance to so many attractions and restaurants.,0.0,1.0
2852,Stood waiting for acknowledgement but the young lass was to busy texting.,-1.0,0.0
2855,As mentioned previously it appears now the current generation of young workers are more interested in their status than their jobs.,0.0,1.0
2899,"Food is spectacular, even if you eat at food court, which I did a lot.",1.0,0.0
2903,We arrived with lost luggage (lost in Rome) and the Concierge staff put that as a priority to assist tracking down our luggage and get it to the Hotel.,1.0,-1.0
2908,Breakfast is a feast unto itself.,1.0,0.0
2932,The room view is incredible.,1.0,0.0
2941,"Incredible location, building and activities available.",1.0,0.0
2944,Staff was attentive and willingly accommodating.,1.0,0.0
2980,We will soon stay here in our next visit.,1.0,0.0
2985,"If you go at ngiht, there is a light show in the bay that was spectacular.",1.0,0.0
2989,"It is very fancy, with all the amenities you could think of.",1.0,0.0
2998,There's a free mini cone ice-cream while our check-in.,0.0,1.0
3012,Overall is good but just wait too long upon check in time.,-1.0,1.0
3016,"The breakfast as always, a very large spread, everyone prefers the main restaurant, hence bit of queuing though.",1.0,0.0
3021,The service was personalized.,1.0,0.0
3038,They even make a new towel animal everyday for you!,1.0,0.0
3069,"MBS is a huge complex, above and below the surface, an architectural icon that could easily fail as a hotel by becoming impersonal, but quite the opposite is the case.",1.0,-1.0
3097,The menu is pricey but you are paying for that spectacular view.,1.0,0.0
3111,Best time to visit the pool is in the,0.0,1.0
3122,They offer bigger-than-normal-canap√É¬© portion compared to other hotels with wide selection of,1.0,0.0
3125,"The suite, the staff, the service were full 5 star!",1.0,0.0
3130,Singapore trip without visiting Marina is waste.,1.0,-1.0
3131,Electrifying atmosphere of infinity pool is lifetime experience.,1.0,0.0
3132,JUST VISIT TO BELEIVE.,1.0,0.0
3138,"In any case, the staff was very accomodating.",1.0,0.0
3144,It√¢‚Ç¨‚Ñ¢s something to behold.,1.0,0.0
3150,A must if in Singapore!,1.0,0.0
3152,All that does not matter match when you are in the hotel.,0.0,-1.0
3155,CON:  Rooms are small and not particularly luxurious by Singapore standards.,-1.0,0.0
3156,There are so many nicer hotels in Singapore.,0.0,1.0
3157,The roof deck and swimming pool are a zoo.,-1.0,0.0
3158,There are tons of people all the time and it feels like you are swimming in someone else's bathwater.,-1.0,1.0
3162,Paid the price of a luxury hotel ($650/night !) while it is definitely not a luxury hotel.,-1.0,1.0
3167,The armchairs in our room and at Club 55 could be replaced (very old and especially uncomfortable).,-1.0,0.0
3171,Try to reach there by 2045 HRS and grab a seat.,0.0,1.0
3177,It's not exactly good value for money,0.0,-1.0
3179,I have to be honest: this is not a luxury property though price per night might make you think it is.,0.0,1.0
3180,"So, I you expect the best service and a good value for your money, go to the Four Seasons or the St Regis.",0.0,1.0
3181,This is a very expensive hotel and it's not exclusive at all.,0.0,-1.0
3182,"Maybe social media seduced you (yeah, that's how I fell for it) and you wanna try it, which is ok, but take this into consideration before booking and spending your money.",0.0,-1.0
3185,"Though it's always full of people everywhere, check in and check out went really fast for me.",1.0,0.0
3189,"Too crowded, feels more like a shopping centre or an airport rather than a hotel.",-1.0,1.0
3190,They should restrict most of the areas to guests only.,0.0,-1.0
3192,"Too many restrictions, even for guests (can't use pool after check-out)",-1.0,0.0
3198,It might be a bit pricey but is worth every penny.,0.0,1.0
3206,Everything was a jaw dropping eye opener.,1.0,0.0
3209,As per the title of my review OMG!,1.0,0.0
3213,"We stayed here at the Marina Suites on October of 2013, travelling with family and friends came to visit!",0.0,1.0
3235,Must stay hotel if you are visiting Singapore.,1.0,0.0
3236,"Arrived to the hotel early, at around 9:00, but was lucky to receive the keys anyways.",0.0,1.0
3240,"However, you have to be careful about accidentally using it taking something that costs money.",0.0,-1.0
3241,"When ordering food, be aware that things like ketchup costs extra money.",0.0,1.0
3266,It√¢‚Ç¨‚Ñ¢s like a city within a city.,0.0,1.0
3268,"Rude people, ignorant people, some courteous people, and a few smiles from staff.",-1.0,1.0
3269,The rooms are OK.,0.0,1.0
3273,Constantly drops out.,-1.0,0.0
3276,they want from S$140 up......,0.0,1.0
3279,and then they want your passport to pick up the card!!!,0.0,1.0
3281,"Being an F1 fan and seeing this place during the race coverage, it was added to my bucket list of places to visit and to have a plunge in the infinity pool.",0.0,1.0
3284,"The hotel is large, consisting of three towers with over 40 floors in each, so the number of guests is very high.",0.0,1.0
3285,"Most of the facilities have been designed for these numbers, so things worked mostly OK.",0.0,1.0
3287,"For those things one could pay that money (once), but for other (or longer) stays there are better luxury options in Singapore, and for (far?) less money.",-1.0,1.0
3288,"Rooms higher up are more expensive, and rooms lower are less expensive.",0.0,-1.0
3294,Our Group of 7 paid a visit to the bar at the top of Marina Bay Sands.,0.0,1.0
3295,The view is undoubtedly spectacular!,1.0,0.0
3300,I√¢‚Ç¨‚Ñ¢m not sure the view is that much better?!,0.0,-1.0
3304,"Its got great view and big space, view is amazing however, they restrict your entry for infinity pool for not more than what amount of access cards you hold.",0.0,1.0
3305,With it being this expensive to live here and limitation to accessibility.,0.0,-1.0
3308,"The rooms were nice a big however our bags were delivered to the room late, someone came in the room to check if the mini bar was stocked instead of doing this prior to our arrival and there were a few finishing issues particularly with the hotel guest internet service not working and the air con controls in the room not responding...not to mention the check in being inefficient.",-1.0,1.0
3310,"but it is a long way off for being classed as an elite hotel of the world, especially for the money you pay...worth it for the swimming pool....",-1.0,0.0
3318,We even got a complimentary upgrade to a bigger room and a nice chocolate cake served in our room since we had an anniversary.,0.0,1.0
3326,When you are going to the infinity pool make sure to catch sunrise and sunset (wait for the buildings to open their lights up).,0.0,1.0
3327,The pool gets crowded at peak hours like 5-8pm,0.0,1.0
3329,Free towels are provided and you can bring it back to your rooms.,0.0,1.0
3330,There√¢‚Ç¨‚Ñ¢s a free observation deck visit on your stay so make sure to use them.,0.0,1.0
3331,There√¢‚Ç¨‚Ñ¢s a pamphlet that they will give during the check in explore everything on it for free.,0.0,1.0
3334,A deposit fee of S$200 is required upon check in on top if,0.0,1.0
3338,The hotel itself is a destination!,1.0,0.0
3339,The breath taking view of the Singapore skyline from the infinity pool is unparalleled.,1.0,0.0
3344,The entire stay was unforgettable and staying in MBS is something I√¢‚Ç¨‚Ñ¢m looking forward to again when I visit SG.,1.0,0.0
3348,We were able to upgrade the room and had a killer view of the city and the bay!,1.0,-1.0
3351,"It√¢‚Ç¨‚Ñ¢s close to everything, there√¢‚Ç¨‚Ñ¢s an MRT station right below you, and a food court if you don√¢‚Ç¨‚Ñ¢t want to pay top notch prices.",0.0,1.0
3353,There are 3 which is awesome but I wish there were more selections.,-1.0,1.0
3354,"The international buffet was not what I was expecting, I was let down.",-1.0,0.0
3355,I was expecting more selections like breakfast sandwiches (maybe I√¢‚Ç¨‚Ñ¢m just homesick and looking for American breakfast foods).,0.0,1.0
3357,I would return!,1.0,0.0
3359,This is a huge iconic property in Singapore.,0.0,1.0
3373,"For me, MBS is the pinnacle of any stay in Singapore.",1.0,0.0
3385,Would recommend sharing a continental or full english if you're not a big eater.,0.0,1.0
3386,Plenty of food to share,0.0,1.0
3388,Rooms are very spacious even if (in my opinion) not aligned with a real 5 stars hotel.,1.0,0.0
3390,It's useful to say that you pay only for the rooftop pool: this is only the reason why you should book only 1 night here in your lifetime.,0.0,1.0
3391,"I've tried all the restaurants and i can say that they are all fine, but nothing extreme excellent.",0.0,-1.0
